Campaign,Course,Market,Channel,Tag source,Launch date,Age (days),Display name,Campaign ID,Aliases
120242923925720131,Others,Others,Other/Non-Meta,others,,,Others,,
24062196367,Others,Others,Other/Non-Meta,others,,,Others,,
allindiaphonics1,English,India,Meta,parsed-keyword,,,allindiaphonics1,,
Bangalore - Contacts - 16072025,English,India,Meta,tagging sheet,15 Jul 2025,418,Bangalore - Contacts - 16072025,,
Bangladesh-BTG-02092024,English,BDG,Meta,tagging sheet,01 Sep 2024,735,Bangladesh-BTG-02092024,,
Bangladesh-BTG-English-08022025,English,BDG,Meta,tagging sheet,07 Feb 2025,576,Bangladesh-BTG-English-08022025,,
Bangladesh-Math-06112024,Math/Science,BDG,Meta,parsed-keyword,05 Nov 2024,670,Bangladesh-Math-06112024,,
Bangladesh-Unbox-Lookalike-02122025,English,BDG,Meta,tagging sheet,01 Dec 2025,279,Bangladesh-Unbox-Lookalike-02122025,,
Bangladesh_YLC_Shadow,Others,Others,Other/Non-Meta,others,,,Others,,
BDG - Unbox - 05022026,English,BDG,Meta,tagging sheet,04 Feb 2026,214,BDG - Unbox - 05022026,,
bgd_ph_new_ap_new,English,BDG,Meta,tagging sheet,,,bgd_ph_new_ap_new,,
bgdycppnew,English,BDG,Meta,tagging sheet,,,bgdycppnew,,
Canada-BTG-02092024,Gita,INT,Meta,tagging sheet,01 Sep 2024,735,Canada-BTG-02092024,,
EU-New-11092024,Gita,INT,Meta,tagging sheet,10 Sep 2024,726,EU-New-11092024,,
Europe-Interests-06022026-schedule,Gita,INT,Meta,tagging sheet,05 Feb 2026,213,Europe-Interests-06022026-schedule,,
Fitness Class,Others,Others,Other/Non-Meta,others,,,Others,,
GE_AA_ABO_CreativeTest_India_All__04/06/2026,All Courses,India,Meta,tagging sheet,03 Jun 2026,95,GE_AA_ABO_CreativeTest_India_All__04/06/2026,,
GE_AA_ABO_Registration_India_All Courses_BAU_17/07/2026,All Courses,India,Meta,tagging sheet,16 Jul 2026,52,GE_AA_ABO_Registration_India_All Courses_BAU_17/07/2026,,
GE_AA_CBO_Registration_BDG_Maths/Science_26062026,Math/Science,BDG,Meta,tagging sheet,25 Jun 2026,73,GE_AA_CBO_Registration_BDG_Maths/Science_26062026,,
GE_ADV+_MEA_TopCreatives_08052026_Reg_Gita,Gita,MEA,Meta,parsed-convention,07 May 2026,122,GE_ADV+_MEA_TopCreatives_08052026_Reg_Gita,,
GE_ADV+_UK_TopCreatives_08052026_Reg_Gita,Gita,INT,Meta,tagging sheet,07 May 2026,122,GE_ADV+_UK_TopCreatives_08052026_Reg_Gita,,
GE_ADV+_US+CA_CreativeTest_18052026_Reg_Gita,Gita,INT,Meta,tagging sheet,17 May 2026,112,GE_ADV+_US+CA_CreativeTest_18052026_Reg_Gita,,
GE_ADV+_US_TopCreatives_08052026_Reg,Others,Others,Other/Non-Meta,others,07 May 2026,122,Others,,
GE_ADV+_US_TopCreatives_08052026_Reg_Gita,Gita,INT,Meta,tagging sheet,07 May 2026,122,GE_ADV+_US_TopCreatives_08052026_Reg_Gita,,
GE_ADV+_US_TopCreatives_17072026_Reg_Gita,Gita,INT,Meta,tagging sheet,16 Jul 2026,52,GE_ADV+_US_TopCreatives_17072026_Reg_Gita,,
GE_CA_Cities_ExPats_CBO_18072026,Gita,INT,Meta,tagging sheet,17 Jul 2026,51,GE_CA_Cities_ExPats_CBO_18072026,,
GE_Digi_ABO_Registration_MEA_Gita_Interest Cohorts & Languages_25072026,Gita,MEA,Meta,tagging sheet,24 Jul 2026,44,GE_Digi_ABO_Registration_MEA_Gita_Interest Cohorts & Languages_25072026,,
GE_Digi_ABO_Registration_US/CA_Gita_Interest Cohorts & Languages_25072026,Gita,INT,Meta,tagging sheet,24 Jul 2026,44,GE_Digi_ABO_Registration_US/CA_Gita_Interest Cohorts & Languages_25072026,,
GE_Digi_ABO_Registration_US/CA_Gita_Interest Cohorts & Top Locations_25072026,Gita,INT,Meta,tagging sheet,24 Jul 2026,44,GE_Digi_ABO_Registration_US/CA_Gita_Interest Cohorts & Top Locations_25072026,,
GE_Digi_ABO_TrialsStarted_India_Gita_Premium Android Devices_Detailed Device Targeting_03092026,Gita,India,Meta,parsed-convention,02 Sep 2026,4,GE_Digi_ABO_TrialsStarted_India_Gita_Premium Android Devices_Detailed Device Targeting_03092026,,
GE_Digi_CBO_Registration_India_Gita_All Devices_Open_03082026,Gita,India,Meta,tagging sheet,02 Aug 2026,35,GE_Digi_CBO_Registration_India_Gita_All Devices_Open_03082026,,
GE_Digi_CBO_Registration_India_Gita_IOS_Open_03082026,Gita,India,Meta,tagging sheet,02 Aug 2026,35,GE_Digi_CBO_Registration_India_Gita_IOS_Open_03082026,,
GE_Digi_CBO_Registration_India_Gita_Premium Android Devices_Detailed Device Targeting_04082026,Gita,India,Meta,tagging sheet,03 Aug 2026,34,GE_Digi_CBO_Registration_India_Gita_Premium Android Devices_Detailed Device Targeting_04082026,,
GE_Digi_CBO_Registration_India_Gita_Premium Android Devices_Open_04082026,Gita,India,Meta,tagging sheet,03 Aug 2026,34,GE_Digi_CBO_Registration_India_Gita_Premium Android Devices_Open_04082026,,
GE_Digi_CBO_Registration_India_Unbox_All Devices_Open_03082026,English,India,Meta,tagging sheet,02 Aug 2026,35,GE_Digi_CBO_Registration_India_Unbox_All Devices_Open_03082026,,
GE_Digi_CBO_Registration_India_Unbox_Premium Android Devices_Detailed Device Targeting_04082026,English,India,Meta,tagging sheet,03 Aug 2026,34,GE_Digi_CBO_Registration_India_Unbox_Premium Android Devices_Detailed Device Targeting_04082026,,
GE_Digi_CBO_Registration_India_Unbox_Premium Android Devices_Open_04082026,English,India,Meta,tagging sheet,03 Aug 2026,34,GE_Digi_CBO_Registration_India_Unbox_Premium Android Devices_Open_04082026,,
GE_Digi_CBO_Registration_MEA_Gita_iOS_Detailed targeting_06082026,Gita,MEA,Meta,tagging sheet,05 Aug 2026,32,GE_Digi_CBO_Registration_MEA_Gita_iOS_Detailed targeting_06082026,,
GE_Digi_CBO_Registration_MEA_Gita_Premium Android Devices_Open_06082026,Gita,MEA,Meta,tagging sheet,05 Aug 2026,32,GE_Digi_CBO_Registration_MEA_Gita_Premium Android Devices_Open_06082026,,
GE_Digi_CBO_Registration_MEA_Unbox_All Devices_Open_06082026,English,MEA,Meta,tagging sheet,05 Aug 2026,32,GE_Digi_CBO_Registration_MEA_Unbox_All Devices_Open_06082026,,
GE_Digi_CBO_Registration_US/CA/UK_Gita_15/07/2026,Gita,INT,Meta,tagging sheet,14 Jul 2026,54,GE_Digi_CBO_Registration_US/CA/UK_Gita_15/07/2026,,
GE_Digi_CBO_Registration_US/CA_Gita_IOS_Open_04082026,Gita,INT,Meta,tagging sheet,03 Aug 2026,34,GE_Digi_CBO_Registration_US/CA_Gita_IOS_Open_04082026,,
GE_Digi_MEA_Math/Science_iOS_Parents_06082026,Math/Science,MEA,Meta,tagging sheet,05 Aug 2026,32,GE_Digi_MEA_Math/Science_iOS_Parents_06082026,,
GE_Digi_US_Math/Science_iOS_Open_06082026,Math/Science,INT,Meta,tagging sheet,05 Aug 2026,32,GE_Digi_US_Math/Science_iOS_Open_06082026,,
GE_Digi_US_Math/Science_iOS_Parents_06082026,Math/Science,INT,Meta,tagging sheet,05 Aug 2026,32,GE_Digi_US_Math/Science_iOS_Parents_06082026,,
GE_India_Gita_interests_IOS_12032026,Gita,India,Meta,tagging sheet,11 Mar 2026,179,GE_India_Gita_interests_IOS_12032026,,
GE_India_IOS_Math/Science_02062026,Math/Science,India,Meta,tagging sheet,01 Jun 2026,97,GE_India_IOS_Math/Science_02062026,,
GE_India_IOS_Math/Science_14052026,Math/Science,India,Meta,tagging sheet,13 May 2026,116,GE_India_IOS_Math/Science_14052026,,
GE_India_IOS_Unbox_07052026,English,India,Meta,tagging sheet,06 May 2026,123,GE_India_IOS_Unbox_07052026,,
GE_Meta - Digi_CBO_Registration_IND_Math_Android Premium_Open_Scaling_NA_12082026,Math/Science,India,Meta,tagging sheet,11 Aug 2026,26,GE_Meta - Digi_CBO_Registration_IND_Math_Android Premium_Open_Scaling_NA_12082026,,
GE_Meta_AA_ABO_Add to Payment Info_IND_Gita_iOS_Open_Testing_20082026_NA,Gita,India,Meta,tagging sheet,19 Aug 2026,18,GE_Meta_AA_ABO_Add to Payment Info_IND_Gita_iOS_Open_Testing_20082026_NA,,
GE_Meta_AA_CBO_Registration_BDG_Science_AllDevice_...14082026_NA,Math/Science,BDG,Meta,tagging sheet,13 Aug 2026,24,GE_Meta_AA_CBO_Registration_BDG_Science_AllDevice_...14082026_NA,,
GE_Meta_AA_CBO_Registration_BDG_Science_AllDevice_Detailed Targeting_Scaling_14082026_NA,Math/Science,BDG,Meta,parsed-convention,13 Aug 2026,24,GE_Meta_AA_CBO_Registration_BDG_Science_AllDevice_Detailed Targeting_Scaling_14082026_NA,,
GE_Meta_Digi_ABO_Add to payment info_IND_Unbox_iOS_Women_Scaling_20082026_NA,English,India,Meta,tagging sheet,19 Aug 2026,18,GE_Meta_Digi_ABO_Add to payment info_IND_Unbox_iOS_Women_Scaling_20082026_NA,,
GE_Meta_Digi_ABO_Add to Wishlist_IND_Gita_iOS_Open_Testing_13082026_NA,Gita,India,Meta,tagging sheet,12 Aug 2026,25,GE_Meta_Digi_ABO_Add to Wishlist_IND_Gita_iOS_Open_Testing_13082026_NA,,
GE_Meta_Digi_ABO_Add to Wishlist_IND_Unbox_iOS_Open_Testing_13082026_NA,English,India,Meta,tagging sheet,12 Aug 2026,25,GE_Meta_Digi_ABO_Add to Wishlist_IND_Unbox_iOS_Open_Testing_13082026_NA,,
GE_Meta_Digi_ABO_Add to Wishlist_US_Gita_iOS_Women_Scaling_21082026_Duplicate-Of-worlwide,Gita,INT,Meta,tagging sheet,20 Aug 2026,17,GE_Meta_Digi_ABO_Add to Wishlist_US_Gita_iOS_Women_Scaling_21082026_Duplicate-Of-worlwide,,
GE_Meta_Digi_ABO_Registration_BDG_Math_...14082026_NA,Math/Science,BDG,Meta,tagging sheet,13 Aug 2026,24,GE_Meta_Digi_ABO_Registration_BDG_Math_...14082026_NA,,
GE_Meta_Digi_ABO_Registration_BDG_Math_iOS+AndroidPremium_DetailedTargeting_Scaling_14082026_NA,Math/Science,BDG,Meta,parsed-convention,13 Aug 2026,24,GE_Meta_Digi_ABO_Registration_BDG_Math_iOS+AndroidPremium_DetailedTargeting_Scaling_14082026_NA,,
GE_Meta_Digi_ABO_Registration_BDG_Science_...14082026_NA,Math/Science,BDG,Meta,tagging sheet,13 Aug 2026,24,GE_Meta_Digi_ABO_Registration_BDG_Science_...14082026_NA,,
GE_Meta_Digi_ABO_Registration_BDG_Science_iOS+AndroidPremium_DetailedTargeting_Scaling_14082026_NA,Math/Science,BDG,Meta,parsed-convention,13 Aug 2026,24,GE_Meta_Digi_ABO_Registration_BDG_Science_iOS+AndroidPremium_DetailedTargeting_Scaling_14082026_NA,,
GE_Meta_Digi_ABO_Registration_CA_Gita_...Scaling_23082026_Worldwide,Gita,INT,Meta,tagging sheet,22 Aug 2026,15,GE_Meta_Digi_ABO_Registration_CA_Gita_...Scaling_23082026_Worldwide,,
GE_Meta_Digi_ABO_Registration_CA_Gita_AllDevice_Age+Gender+Adv+_Scaling_23082026_Worldwide,Gita,INT,Meta,parsed-convention,22 Aug 2026,15,GE_Meta_Digi_ABO_Registration_CA_Gita_AllDevice_Age+Gender+Adv+_Scaling_23082026_Worldwide,,
GE_Meta_Digi_ABO_Registration_CA_Gita_iOS_LAL+Gender+Age_Scaling_24082026_Lookalike,Gita,INT,Meta,parsed-convention,23 Aug 2026,14,GE_Meta_Digi_ABO_Registration_CA_Gita_iOS_LAL+Gender+Age_Scaling_24082026_Lookalike,,
GE_Meta_Digi_ABO_Registration_IND_Gita_iOS_LAL+Gender+Age_Scaling_24082026_Lookalike,Gita,India,Meta,parsed-convention,23 Aug 2026,14,GE_Meta_Digi_ABO_Registration_IND_Gita_iOS_LAL+Gender+Age_Scaling_24082026_Lookalike,,
GE_Meta_Digi_ABO_Registration_IND_Math_iOS+AndroidPremium_LAL+Age_Scaling_25082026_Lookalike,Math/Science,India,Meta,parsed-convention,24 Aug 2026,13,GE_Meta_Digi_ABO_Registration_IND_Math_iOS+AndroidPremium_LAL+Age_Scaling_25082026_Lookalike,,
GE_Meta_Digi_ABO_Registration_IND_Science_iOS+AndroidPremium_LAL+Age_Scaling_25082026_Lookalike,Math/Science,India,Meta,parsed-convention,24 Aug 2026,13,GE_Meta_Digi_ABO_Registration_IND_Science_iOS+AndroidPremium_LAL+Age_Scaling_25082026_Lookalike,,
GE_Meta_Digi_ABO_Registration_IND_Unbox_iOS_LAL+Gender+Age_Scaling_31082026_Lookalike,English,India,Meta,parsed-convention,30 Aug 2026,7,GE_Meta_Digi_ABO_Registration_IND_Unbox_iOS_LAL+Gender+Age_Scaling_31082026_Lookalike,,
GE_Meta_Digi_ABO_Registration_MEA_Gita_iOS_LAL+Gender+Age_Scaling_24082026_Lookalike,Gita,MEA,Meta,parsed-convention,23 Aug 2026,14,GE_Meta_Digi_ABO_Registration_MEA_Gita_iOS_LAL+Gender+Age_Scaling_24082026_Lookalike,,
GE_Meta_Digi_ABO_Registration_MEA_Unbox_iOS_LAL+Gender+Age_Scaling_01092026_Lookalike,English,MEA,Meta,parsed-convention,31 Aug 2026,6,GE_Meta_Digi_ABO_Registration_MEA_Unbox_iOS_LAL+Gender+Age_Scaling_01092026_Lookalike,,
GE_Meta_Digi_ABO_Registration_US_Gita_...Scaling_23082026_Worldwide,Gita,INT,Meta,tagging sheet,22 Aug 2026,15,GE_Meta_Digi_ABO_Registration_US_Gita_...Scaling_23082026_Worldwide,,
GE_Meta_Digi_ABO_Registration_US_Gita_AllDevice_Age+Gender+Adv+_Scaling_23082026_Worldwide,Gita,INT,Meta,parsed-convention,22 Aug 2026,15,GE_Meta_Digi_ABO_Registration_US_Gita_AllDevice_Age+Gender+Adv+_Scaling_23082026_Worldwide,,
GE_Meta_Digi_ABO_Registration_US_Gita_iOS_LAL+Gender+Age_Scaling_24082026_Lookalike,Gita,INT,Meta,parsed-convention,23 Aug 2026,14,GE_Meta_Digi_ABO_Registration_US_Gita_iOS_LAL+Gender+Age_Scaling_24082026_Lookalike,,
GE_Meta_Digi_CBO_Add to Wishlist_IND_Unbox_iOS_Women_...20082026_NA,English,India,Meta,tagging sheet,19 Aug 2026,18,GE_Meta_Digi_CBO_Add to Wishlist_IND_Unbox_iOS_Women_...20082026_NA,,
GE_Meta_Digi_CBO_Add to Wishlist_IND_Unbox_iOS_Women_Scaling_20082026_NA,English,India,Meta,parsed-convention,19 Aug 2026,18,GE_Meta_Digi_CBO_Add to Wishlist_IND_Unbox_iOS_Women_Scaling_20082026_NA,,
GE_Meta_Digi_CBO_Add to Wishlist_IND_Unbox_iOS_Women_Scaling_20082026_NA =,English,India,Meta,tagging sheet,19 Aug 2026,18,GE_Meta_Digi_CBO_Add to Wishlist_IND_Unbox_iOS_Women_Scaling_20082026_NA =,,
GE_Meta_Digi_CBO_Registration_IND_Science_AndroidPremium_Open_Scaling_13082026_NA,Math/Science,India,Meta,tagging sheet,12 Aug 2026,25,GE_Meta_Digi_CBO_Registration_IND_Science_AndroidPremium_Open_Scaling_13082026_NA,,
GE_Meta_Digi_CBO_Registration_MEA_Math_AndroidPremium_...14082026_NA,Math/Science,MEA,Meta,tagging sheet,13 Aug 2026,24,GE_Meta_Digi_CBO_Registration_MEA_Math_AndroidPremium_...14082026_NA,,
GE_Meta_Digi_CBO_Registration_MEA_Math_AndroidPremium_DetailedTargeting_Scaling_14082026_NA,Math/Science,MEA,Meta,parsed-convention,13 Aug 2026,24,GE_Meta_Digi_CBO_Registration_MEA_Math_AndroidPremium_DetailedTargeting_Scaling_14082026_NA,,
GE_Meta_Digi_CBO_Registration_MEA_Science_iOS_Detailed Targeting_Scaling_14082026_NA,Math/Science,MEA,Meta,tagging sheet,13 Aug 2026,24,GE_Meta_Digi_CBO_Registration_MEA_Science_iOS_Detailed Targeting_Scaling_14082026_NA,,
GE_Meta_Digi_CBO_Registration_MEA_Unbox_AndroidPremium_...13082026_NA,English,MEA,Meta,tagging sheet,12 Aug 2026,25,GE_Meta_Digi_CBO_Registration_MEA_Unbox_AndroidPremium_...13082026_NA,,
GE_Meta_Digi_CBO_Registration_MEA_Unbox_AndroidPremium_DetailedTargeting_Scaling_13082026_NA,English,MEA,Meta,parsed-convention,12 Aug 2026,25,GE_Meta_Digi_CBO_Registration_MEA_Unbox_AndroidPremium_DetailedTargeting_Scaling_13082026_NA,,
GE_Meta_Digi_CBO_Registration_MEA_Unbox_iOS_...13082026_NA,English,MEA,Meta,tagging sheet,12 Aug 2026,25,GE_Meta_Digi_CBO_Registration_MEA_Unbox_iOS_...13082026_NA,,
GE_Meta_Digi_CBO_Registration_MEA_Unbox_iOS_DetailedTargeting_Scaling_13082026_NA,English,MEA,Meta,parsed-convention,12 Aug 2026,25,GE_Meta_Digi_CBO_Registration_MEA_Unbox_iOS_DetailedTargeting_Scaling_13082026_NA,,
GE_Meta_Live In_CBO_Registration_IND_AllCourse_iOS_...21082026_NA,All Courses,India,Meta,tagging sheet,20 Aug 2026,17,GE_Meta_Live In_CBO_Registration_IND_AllCourse_iOS_...21082026_NA,,
GE_Meta_Live In_CBO_Registration_IND_AllCourse_iOS_AllGender+DetailedTargeting_Scaling_21082026_NA,All Courses,India,Meta,parsed-convention,20 Aug 2026,17,GE_Meta_Live In_CBO_Registration_IND_AllCourse_iOS_AllGender+DetailedTargeting_Scaling_21082026_NA,,
GE_TopCity_iOS_Gita_ABTest_01062026,Gita,India,Meta,tagging sheet,31 May 2026,98,GE_TopCity_iOS_Gita_ABTest_01062026,,
GE_US/CA/UK_Topcreatives_CBO_Gita,Gita,INT,Meta,tagging sheet,,,GE_US/CA/UK_Topcreatives_CBO_Gita,,
GE_US_Gita_LAL_WV_01052026,Gita,INT,Meta,tagging sheet,30 Apr 2026,129,GE_US_Gita_LAL_WV_01052026,,
GE_Worldwide Duplicate_MEA_0208026,Others,Others,Other/Non-Meta,others,,,Others,,
IN-Phonics-DemoandInt-Zocket-Dreams,English,India,Meta,tagging sheet,,,IN-Phonics-DemoandInt-Zocket-Dreams,,
IN-Phonics-South-Cities,Others,Others,Other/Non-Meta,others,,,Others,,
in-ps-cw-ph,English,India,Meta,tagging sheet,,,in-ps-cw-ph,,
in-public-speaking,English,India,Meta,others,,,in-public-speaking,,
IN-Unbox-Bangalore-Mumbai-Olderboy,English,India,Meta,tagging sheet,,,IN-Unbox-Bangalore-Mumbai-Olderboy,,
IN_Bangalore_YLC_Shadow,Others,Others,Other/Non-Meta,others,,,Others,,
ind_ycw_gwr,English,India,Meta,tagging sheet,,,ind_ycw_gwr,,
India - Unbox - 05022026,English,India,Meta,tagging sheet,04 Feb 2026,214,India - Unbox - 05022026,,
India-Contacts-01032025,Others,India,Other/Non-Meta,tagging sheet,28 Feb 2025,555,India-Contacts-01032025,,
India-Gita-05052025,Gita,India,Meta,parsed-keyword,04 May 2025,490,India-Gita-05052025,,
India-Gita-18092025,Gita,India,Meta,parsed-keyword,17 Sep 2025,354,India-Gita-18092025,,
India-Gita-26092025-IOS,Gita,India,Meta,tagging sheet,25 Sep 2025,346,India-Gita-26092025-IOS,,
India-Interests-06022026-schedule,Gita,India,Meta,tagging sheet,05 Feb 2026,213,India-Interests-06022026-schedule,,
India-Interests-18022026-schedule-Unbox,English,India,Meta,tagging sheet,17 Feb 2026,201,India-Interests-18022026-schedule-Unbox,,
India-Topcities-21082024,Others,Others,Other/Non-Meta,others,20 Aug 2024,747,Others,,
india-unbox-08oct25,English,India,Meta,tagging sheet,07 Oct 2025,334,india-unbox-08oct25,,
India-Unbox-BLR-16072026,English,India,Meta,tagging sheet,15 Jul 2026,53,India-Unbox-BLR-16072026,,
India_phonics_2,English,India,Meta,tagging sheet,,,India_phonics_2,,
India_ycp,English,India,Meta,tagging sheet,,,India_ycp,,
India_YCW_New_ap,Others,Others,Other/Non-Meta,others,,,Others,,
India_ylc_new_me,English,India,Meta,tagging sheet,,,India_ylc_new_me,,
int_gita,Gita,INT,Meta,tagging sheet,,,int_gita,,
International Markets - STS - 18082025,Gita,INT,Meta,tagging sheet,17 Aug 2025,385,International Markets - STS - 18082025,,
intgitamarch,Others,Others,Other/Non-Meta,others,,,Others,,
kid_with_mic,English,India,Meta,others,,,kid_with_mic,,
kid_with_mic_ycw_ycp,Others,Others,Other/Non-Meta,others,,,Others,,
MEA-interests-06022026-schedule,Gita,MEA,Meta,tagging sheet,05 Feb 2026,213,MEA-interests-06022026-schedule,,
Middle-East-Interests-05072021-Inc-attribution,Gita,MEA,Meta,tagging sheet,04 Jul 2021,1890,Middle-East-Interests-05072021-Inc-attribution,,
NA,Others,Others,Other/Non-Meta,others,,,Others,,
np-ps-phonics,Others,Others,Other/Non-Meta,others,,,Others,,
onlyQatar_yrp_new,Others,Others,Other/Non-Meta,others,,,Others,,
Referred By Faculty Aanchal Sachdeva,Others,Others,Referral,others,,,Others,,
Referred By Faculty Akshita Yadav,Others,Others,Referral,others,,,Others,,
Referred By Faculty Komal Kumari,Others,Others,Referral,others,,,Others,,
Referred By Faculty Lakshmi Aravinda Amur,Others,Others,Referral,others,,,Others,,
Referred By Faculty Lovely Singh,Others,Others,Referral,others,,,Others,,
Referred By Faculty Sanjana K,Others,Others,Referral,others,,,Others,,
Referred By Faculty Shadma Irshad,Others,Others,Referral,others,,,Others,,
Referred By Faculty Sidrah Rashid,Others,Others,Referral,others,,,Others,,
Referred By Faculty SIMRAN SINGH,Others,Others,Referral,others,,,Others,,
Referred By Parent A. B. M. Ariful Hossain,Others,Others,Referral,others,,,Others,,
Referred By Parent Amrutha A R,Others,Others,Referral,others,,,Others,,
Referred By Parent Anjali Singla,Others,Others,Referral,others,,,Others,,
Referred By Parent Apoorva Oberoi,Others,Others,Referral,others,,,Others,,
Referred By Parent Aswin,Others,Others,Referral,others,,,Others,,
Referred By Parent chaithanya Dev,Others,Others,Referral,others,,,Others,,
Referred By Parent Himanshu Bhuyan,Others,Others,Referral,others,,,Others,,
Referred By Parent Manasa Nannuri,Others,Others,Referral,others,,,Others,,
Referred By Parent Monika,Others,Others,Referral,others,,,Others,,
Referred By Parent Neha ARORA,Others,Others,Referral,others,,,Others,,
Referred By Parent Poojitha,Others,Others,Referral,others,,,Others,,
Referred By Parent Pratiksha Chandel,Others,Others,Referral,others,,,Others,,
Referred By Parent Swati Gaikwad,Others,Others,Referral,others,,,Others,,
Referred By Parent Ujjwala Sharma,Others,Others,Referral,others,,,Others,,
sale,Others,Others,Other/Non-Meta,others,,,Others,,
Singapore+Malaysia - 15112025,Others,Others,Other/Non-Meta,others,14 Nov 2025,296,Others,,
Singapore-Gita-Female-25032025,Others,Others,Other/Non-Meta,others,24 Mar 2025,531,Others,,
United Kingdom - 28082025,Others,Others,Other/Non-Meta,others,27 Aug 2025,375,Others,,
US-Gita-18072026-IOS,Gita,INT,Meta,tagging sheet,17 Jul 2026,51,US-Gita-18072026-IOS,,
US-New-28032025,Others,Others,Other/Non-Meta,others,27 Mar 2025,528,Others,,
US/CA_Interest Cohorts & Languages_18.07.2026,Gita,INT,Meta,tagging sheet,17 Jul 2026,51,US/CA_Interest Cohorts & Languages_18.07.2026,,
us_gita_plus,Others,Others,Other/Non-Meta,others,,,Others,,
welcome_popup,Others,Others,Other/Non-Meta,others,,,Others,,
Worldwide (except india bangladesh US),Gita,INT,Meta,others,,,Worldwide (except india bangladesh US),,
Worldwide (except india bangladesh US) - 20112025,Gita,INT,Meta,tagging sheet,19 Nov 2025,291,Worldwide (except india bangladesh US) - 20112025,,
ycp_ggad,Others,Others,Other/Non-Meta,others,,,Others,,
ycpindnew3,Others,Others,Other/Non-Meta,others,,,Others,,
{{campaign.name}},Others,Others,Other/Non-Meta,others,,,Others,,
